links,song_name,start_time,end_time
https://youtu.be/HCjNJDNzw8Y?t=64,Havana,1:04,1:19
https://youtu.be/PT2_F-1esPk?t=50,Closer,0:50,1:00
https://youtu.be/_dK2tDK9grQ?t=50,Shape of You,0:50,1:00
https://youtu.be/yVjjuOqMQIw?t=37,Wake Me Up,0:37,0:52
https://youtu.be/whwe0KD_rGw?t=61,Despacito,1:01,1:12
https://youtu.be/KFof8aaUvGY?t=31,Eastside,0:31,0:41
https://youtu.be/RXWYDeGhe24?t=71,Sunflower,1:10,1:20
https://youtu.be/CY8E6N5Nzec?t=30,Friends,0:30,0:44
https://youtu.be/9onqfoU4Vg4?t=53,Lights Down Low,0:53,1:08
https://youtu.be/ClhLNUPqv8Q?t=42,New Rules,0:42,0:54
